Name,Case,Stakeholder,Node,Net Effects,Description,Value,Unit ID
Regulatory Environment-Illuminate Education-User,Illuminate Education,User,Context,Regulatory Environment,"Regime protects students
Regime does not explicity protect teachers or administrators
Users rights of action are murky",Neither Weak Nor Strong,1
Threat Environment-Illuminate Education-User,Illuminate Education,User,Context,Threat Environment,"Implementation users are familiar with threats to schools and students
Targets have high value, and are particularly vulnerable (students)",Risky,2
Operational Environment-Illuminate Education-User,Illuminate Education,User,Context,Operational Environment,"High power distance: Hierarchy of users includes students, teachers, school staff/administrators, school district administrators",Challenging,3
Regulatory Environment-Illuminate Education-Software Producer,Illuminate Education,Software Producer,Context,Regulatory Environment,"Producer operates in a highly regulated environment, but regime applications are murky. Faces complex legal challenges because it is largely their clients that are responsible for regulatory compliance. ",Neither Lenient Nor Strict,4
Threat Environment-Illuminate Education-Software Producer,Illuminate Education,Software Producer,Context,Threat Environment,"Producer should be familiar with education-related threats and vulnerabilities

Variable threat surface could depend on cloud vs. on-prem implementation structure",Somewhat Risky,5
Regulatory Environment-Illuminate Education-Regulator,Illuminate Education,Regulator,Context,Regulatory Environment,"Regime emerges from local, state, and national laws. State and national agencies have authority to act, and offer different protections.",Somewhat Strict,7
Operational Environment-Illuminate Education-Software Producer,Illuminate Education,Software Producer,Context,Operational Environment,"Broad and diverse user-base, resulting in disparate requirements for cybersecurity (e.g. by district, school, state gov, etc)",Neither Challenging Nor Simple,6
Threat Environment-Illuminate Education-Regulator,Illuminate Education,Regulator,Context,Threat Environment,"National agencies share familiarity, but state have different levels of expertise to handle cybersecurity",Neither Unfamiliar Nor Familiar,8
Operational Environment-Illuminate Education-Regulator,Illuminate Education,Regulator,Context,Operational Environment,"Enforcement methods vary by agency/regime, ability to protect students from cybersecurity harms is complex (DepEd vs.FTC)",Somewhat Weak,9
Deploying-Illuminate Education-User,Illuminate Education,User,Operating,Deploying,"Customer-users, including administrators, and IT staff, deployed the software to meet the needs of the primary end-users, teachers and students. ",Active,10
Securing-Illuminate Education-User,Illuminate Education,User,Operating,Securing,"IT users responsible for deploying the software would have had to secure it based on industry best practices, as well as requirements set forth based on their regime. They would not have to follow security practices to update the software because it is cloud-based. End-users would observe basic cyber hygiene to protect themselves.",Active,11
Influencing-Illuminate Education-User,Illuminate Education,User,Operating,Influencing,"User-advocacy groups attempt to influence regulators and software producers to improve protections, such as through litigation and corporate reform. They also try to influence users through education and training.",Neither Passive Nor Active,12
Complying-Illuminate Education-User,Illuminate Education,User,Operating,Complying,"Guidance, rules, and best practices would mean that end-user permissions would be managed based on available software capabilities to meet regime requirements.",Neither Passive Nor Active,13
Implementing-Illuminate Education-Software Producer,Illuminate Education,Software Producer,Operating,Implementing,"Illuminate Education, a private/private equity company, started in 2009. To do business and grow, it acquired 12 other companies in 2016-2019, including IOeducation which built the PupilPath software.",Active,14
Securing-Illuminate Education-Software Producer,Illuminate Education,Software Producer,Operating,Securing,"Illuminate Education would have had to secure their disparate software solutions individually, as they were the result of serial acquisitions and did not appear to be integrated with each other.",Neither Passive Nor Active,15
Influencing-Illuminate Education-Software Producer,Illuminate Education,Software Producer,Operating,Influencing,Illuminate Education participated in industry regulatory bodies. ,Somewhat Passive,16
Complying-Illuminate Education-Software Producer,Illuminate Education,Software Producer,Operating,Complying,"Illuminate Education would have had to implement technical solutions to comply with the regimes in the various jurisdictions in which they operated. For example, the ""strict data agreement"" with the NYC DOE. 

They also voluntarily signed onto the Student Privacy Pledge, an industry self-regulatory body.",Neither Passive Nor Active,17
Rulemaking-Illuminate Education-Regulator,Illuminate Education,Regulator,Operating,Rulemaking,"There were multiple regimes that regulated the software producer's business operations, established through case and statutory law, primarily designed to protect data of students and minors under 18.",Somewhat Active,18
Enforcement-Illuminate Education-Regulator,Illuminate Education,Regulator,Operating,Enforcement,"The regulations provision the various responsible agencies with a variety of enforcement mechanisms should a conflict occur, and they were actively being used.",Somewhat Passive,19
Investigation-Illuminate Education-Regulator,Illuminate Education,Regulator,Operating,Investigation,Regulators also rely on investigation authority to determine enforcement approaches.,Somewhat Active,20
Influencing-Illuminate Education-Regulator,Illuminate Education,Regulator,Operating,Influencing,"Regulators, especially self-regulatory bodies like the Student Privacy Pledge, advocated for best practices by software producers. They also signaled their interests and shaped the regime through case and statutory law.",Somewhat Passive,21
Capacity-Illuminate Education-User,Illuminate Education,User,Precursors,Capacity,"Users had software that they used daily to meet their needs, supported at various levels by IT teams, budget, and other users. Software may have been seen to be on a spectrum of effectiveness depending on the user and specific implementation.",Neither Low Nor High,22
Business Change-Illuminate Education-User,Illuminate Education,User,Precursors,Business Change,"Changing operations may have induced changes to the software deployment, and even could have impacted the software production ",High,23
Compliance-Illuminate Education-User,Illuminate Education,User,Precursors,Compliance,"Contracts, logs, training materials, audits, and other records were created based on national, state, local, and internal requirements to support the implementation.",Neither Low Nor High,24
Unaddressed Failures & Weaknesses-Illuminate Education-User,Illuminate Education,User,Precursors,Unaddressed Failures & Weaknesses,Poor practices by users may have led to vulnerabilities,No Data Available,25
Capacity-Illuminate Education-Software Producer,Illuminate Education,Software Producer,Precursors,Capacity,"Illuminate Education engineered and delivered software to its clients, although much of the knowledge and artifacts originated in companies it had acquired, and there had been layoffs prior to the incident.",Somewhat Low,26
Business Change-Illuminate Education-Software Producer,Illuminate Education,Software Producer,Precursors,Business Change,"Producer acquired new companies, including staff and software",High,27
Compliance-Illuminate Education-Software Producer,Illuminate Education,Software Producer,Precursors,Compliance,"Producer agreed to comply with regimes that govern their clients, and the individual contracts between them. Not all had requirements on encrypting data at rest, but it was still a best practice.",Neither Lenient Nor Strict,28
Unaddressed Failures & Weaknesses-Illuminate Education-Software Producer,Illuminate Education,Software Producer,Precursors,Unaddressed Failures & Weaknesses,"Complaints allege that Illuminate Ed did not follow data security best practices, encrypting data at rest",Risky,29
Regimes-Illuminate Education-Regulator,Illuminate Education,Regulator,Precursors,Regimes,"Emergent regime is weak in enforcing student data privacy regulations, especially against third-parties",Lenient,30
Capacity-Illuminate Education-Regulator,Illuminate Education,Regulator,Precursors,Capacity,Capacity was extremely limited at the outset of this case to handle data privacy issues for students and kids as a result of software-related incidents,Weak,31
Posturing-Illuminate Education-User,Illuminate Education,User,RRR,Posturing,"Affected users spoke out publicly about the breach. They connected with legal teams for lawsuits, and advocates for support, who also made statements.",Active,32
Compensating-Illuminate Education-User,Illuminate Education,User,RRR,Compensating,"Parents of affected students sued in court for compensation, and had to find legal grounds to sue. Staff users referred to agreements for options.",Active,33
Correcting-Illuminate Education-User,Illuminate Education,User,RRR,Correcting,"Contracts were canceled, and new software had to be found. End-users had to identify, deploy, and learn new software to correct for the loss. ",Somewhat Active,34
Complying-Illuminate Education-User,Illuminate Education,User,RRR,Complying,"Staff users followed the terms of hteir agreements, as well as the regime incl. national and local rules.",Somewhat Passive,35
Posturing-Illuminate Education-Software Producer,Illuminate Education,Software Producer,RRR,Posturing,"Illuminate made limited public statements, and kept most information hidden, including court documents.",Active,36
Compensating-Illuminate Education-Software Producer,Illuminate Education,Software Producer,RRR,Compensating,"No compensation seems to have been offered or compelled to affected users. However, they were fined by regulators for $5.1m.",Neither Unfavorable Nor Favorable,37
Correcting-Illuminate Education-Software Producer,Illuminate Education,Software Producer,RRR,Correcting,Software was taken offline for about 10 days before it was restored. Internal changes must have been made to prevent such an attack from happening again.,Somewhat Passive,38
Complying-Illuminate Education-Software Producer,Illuminate Education,Software Producer,RRR,Complying,"They would have adhered to agreement terms, such as NYCDOE's ability to terminate the contract. They may not have reported the incident in a timely manner. They settled with FTC and state regulators in 2025.",Neither Low Nor High,39
Posturing-Illuminate Education-Regulator,Illuminate Education,Regulator,RRR,Posturing,"Local regulators were outspoken about the event, national (such as FTC) made loose statements. Industry regulatory bodies also made statements. State AGs formed a new Consortium of Privacy Regulators and immediately soon took action against the company.",Somewhat Active,40
Compensating-Illuminate Education-Regulator,Illuminate Education,Regulator,RRR,Compensating,"No compensation was mandated for users, however state regulators received fines paid by the company in 2025.",Neither Passive Nor Active,41
Correcting/Enforcing-Illuminate Education-Regulator,Illuminate Education,Regulator,RRR,Correcting/Enforcing,"Regulators canceled agreements, and one industry regulator removed them from their program. FTC filed a complaint and consent order 4 years later. State regulators levied fines in 2025 as well.",Active,42
Complying-Illuminate Education-Regulator,Illuminate Education,Regulator,RRR,Complying,"Regulators followed regime in place, canceling agreements, but taking little further action. Illuminate was not governed as strictly as the education bodies it served.",Somewhat Active,43
Costs-Illuminate Education-User,Illuminate Education,User,Outcomes,Costs,"Users needed new software solutions when software went down, and if contracts were ended. Replacement software may have introduced new risks, especially free alternatives. Affected users are at risk of future harms like identity theft. Users also hired lawers out-of-pocket for lawsuits, but failed to get compensation.",Unfavorable,44
Transformations-Illuminate Education-User,Illuminate Education,User,Outcomes,Transformations,New relationships with edtech advocates were formed. Districts may have implemented new procedures.,Neither Weak Nor Strong,45
Remedies-Illuminate Education-User,Illuminate Education,User,Outcomes,Remedies,No compensation was collected. New prevention efforts were developed.,Unfavorable,46
Preservation-Illuminate Education-User,Illuminate Education,User,Outcomes,Preservation,Some school districts preserved their agreements with Illuminate.,Neither Weak Nor Strong,47
Costs-Illuminate Education-Software Producer,Illuminate Education,Software Producer,Outcomes,Costs,Estimated cost of the remediation is $22m. $5.1m in penalties to state regulators were settled in 2025,Unfavorable,48
Transformations-Illuminate Education-Software Producer,Illuminate Education,Software Producer,Outcomes,Transformations,"Likely put new procedures in place, but no public information is available. They were later acquired by a new private equity firm.",No Data Available,49
Preservation-Illuminate Education-Software Producer,Illuminate Education,Software Producer,Outcomes,Preservation,"Still in business, continued growth, and some customers continued with their service",Somewhat High,50
Remedies-Illuminate Education-Software Producer,Illuminate Education,Software Producer,Outcomes,Remedies,"Illuminate Education did not receive any known remedies for suffering from the breach, it is possible they received an insurance payout.",Neither Unfavorable Nor Favorable,318
Costs-Illuminate Education-Regulator,Illuminate Education,Regulator,Outcomes,Costs,"Some resources were spent by state-level regulators to investigate, but no major costs were incurred for enforcement, remediation, etc.",Neither Low Nor High,51
Remedies-Illuminate Education-Regulator,Illuminate Education,Regulator,Outcomes,Remedies,"Some contracts were canceled. Courts refused to support the claims of affected users. An FTC Consent Order, and a multi-state effort, were used to force Illuminate to change practices.",Neither Weak Nor Strong,52
Transformations-Illuminate Education-Regulator,Illuminate Education,Regulator,Outcomes,Transformations,"Initially, only an industry regulator took any action, removing Illuminate from its program. In 2025 the FTC pursued enforcement actions, and a new coalition of state AGs formed and penalized the company for $5.1m.",Somewhat High,53
Preservation-Illuminate Education-Regulator,Illuminate Education,Regulator,Outcomes,Preservation,"The regime was largely preserved, but there were changes to laws and enforcement approaches.",Neither Low Nor High,54
Regulatory Environment-ICRC-User,ICRC,User,Context,Regulatory Environment,"Overarching regime protects beneficiaries to the utmost. However, national protections may be in conflict, and norms may not support use of software. Beneficiaries also have very little recourse to respond to security failures, or advocate for protections.",Somewhat Strong,55
Threat Environment-ICRC-User,ICRC,User,Context,Threat Environment,"Threat surface varies widely by user-base, e.g. country and environment. Target value is variable, although users are highly vulnerable.",Risky,56
Operational Environment-ICRC-User,ICRC,User,Context,Operational Environment,"Users rely on software for emergency situations, and use cases are heterogeneous, requiring customization. 
Hierarchy is medium power distance, users access software directly through Red Cross National Societies, but probably don't connect with developers at ICRC.",Challenging,57
Regulatory Environment-ICRC-Software Producer,ICRC,Software Producer,Context,Regulatory Environment,"Multiple regimes to adhere to, international and national for ICRC, plus national where software is deployed. Strict internal regulations stemming from history of the org. Complex technical challenges to deliver software. 

Failure to comply could mean they cannot deliver pre-emptively (blocked by national government), or could threaten users directly (e.g. if government wants access to data).",Strict,58
Threat Environment-ICRC-Software Producer,ICRC,Software Producer,Context,Threat Environment,"Highly variable threat surface, deployment is in different countries with different needs, different regimes, and different potential attackers.",Risky,59
Operational Environment-ICRC-Software Producer,ICRC,Software Producer,Context,Operational Environment,Mission compliance over commercial viability. Must cooperate with on-site users (National Societies) for implementation.,Neither Challenging Nor Simple,60
Regulatory Environment-ICRC-Regulator,ICRC,Regulator,Context,Regulatory Environment,"Internal and international regimes provide strict guards on actions. In-country requirements also force compliance activities pre-emptively, but are not likely to be safeguards for users. Emergent regime may conflict between those regimes.",Strict,61
Threat Environment-ICRC-Regulator,ICRC,Regulator,Context,Threat Environment,Governing bodies are unlikely to be more familiar with threats than producer. Governments may also be threat actors.,Neither Unfamiliar Nor Familiar,62
Operational Environment-ICRC-Regulator,ICRC,Regulator,Context,Operational Environment,"Enforcement methods are limited, international regimes can only so much. Country regimes have political interests in ICRC operating in their country, driving much of their regulations.",Somewhat Weak,63
Deploying-ICRC-User,ICRC,User,Operating,Deploying,"Users include the National Society staff that deploy the software on site, and beneficiaries who use the features. NS staff are trained, and can request limited support and updates. Beneficiaries get value from the software, since it can be the only way to get in touch with separated family, but they may increase risk by using it.",Neither Passive Nor Active,64
Securing-ICRC-User,ICRC,User,Operating,Securing,"National Society staff that implement the software in the field take precautions to safeguard the data of the end-user beneficiaries. They also have heterogeneous familiarity with cyber hygiene.The beneficiaries may also try to protect themselves, but using the software opens them up to privacy harms. ",Neither Passive Nor Active,65
Influencing-ICRC-User,ICRC,User,Operating,Influencing,"All users have very few options to influence the data privacy and security laws of their host country or the internal regulations of the software producer, and do not take organized action to do so.",Passive,66
Complying-ICRC-User,ICRC,User,Operating,Complying,"ICRC staff that deploy the software must comply with the overarching regime that governs the Movement, as well as that of the country where they operate, although those regimes may be complex and even in conflict. They also had to adhere to the supplemental guidance provided by the software producer.

End-users would need to follow rules brought to them by the deployment users.",Active,67
Implementing-ICRC-Software Producer,ICRC,Software Producer,Operating,Implementing,"ICRC implemented case management software to help beneficiaries in disaster and conflict situations. They provide the software to affiliated National Societies that implement it.

The software was proposed in 2009 and launched in 2012, and is based on 150 years of work in their Restoring Family Links program, which helps reconnect families separated in conflict and emergency situations.",Somewhat Active,68
Securing-ICRC-Software Producer,ICRC,Software Producer,Operating,Securing,"The ICRC team followed best practices to protect their users, including both technical practices, and support for implementation users (National Societies).",Active,69
Influencing-ICRC-Software Producer,ICRC,Software Producer,Operating,Influencing,"ICRC and Movement are highly self-regulatory, promoting the interests of their beneficiaries internally. They partner with governments on humanitarian rights. However, they do not seem to influence cybersecurity laws in the jurisdictions where they operate. ",Somewhat Active,70
Complying-ICRC-Software Producer,ICRC,Software Producer,Operating,Complying,"ICRC must adhere to a uniquely complex regime designed for catasrophic situations which includes protecting user data, among many other concerns. They have a robust internal bureaucracy for creating and implementing their own policies, guidance, and rules. This were arduously documented.

They also deployed software to be compliant with the non-functional, regulatory requirements of their users.

",Active,71
Rulemaking-ICRC-Regulator,ICRC,Regulator,Operating,Rulemaking,"ICRC is heavily regulated by national and international regimes, but its self-regulation may be even more robust. Laws and regulations govern them, but they are driven by their own mission to protect their users. The regime evolves as disasters and conflicts continue.",Somewhat Active,72
Enforcement-ICRC-Regulator,ICRC,Regulator,Operating,Enforcement,"Enforcement methods against ICRC and National Societies are limited. If they upset their host countries or other actors, they may not be allowed to operate. If they lose the trust of their beneficiaries, they may cease to be users.",Somewhat Passive,73
Investigation-ICRC-Regulator,ICRC,Regulator,Operating,Investigation,"It does not appear that any regulatory body was engaged in investigation activities. Only the internal bureaucracy would have had oversight, but they did not have expertise/familiarity. ",Somewhat Passive,74
Influencing-ICRC-Regulator,ICRC,Regulator,Operating,Influencing,"Changes to data security and privacy regimes were driven heavily by European regulators because of the scale of European users (NSs) of the ICRC software, and bolstered by the new GDPR rules. However, not all countries were subject to those regulators and rules. Different national regimes could also be impacted by regulator influence, which is hard to measure

Stakeholders in the ICRC Movement also had an impact on the rules governing the RFL software.",Somewhat Active,75
Capacity-ICRC-User,ICRC,User,Precursors,Capacity,"NS users implemented the software in unique contexts with various levels of resources, cultures of use, experience, and training, and with limited resources from the producer for support.",Somewhat Low,76
Business Change-ICRC-User,ICRC,User,Precursors,Business Change,"Each NS requires new customization and configuration, and they have changing needs",Somewhat Low,77
Compliance-ICRC-User,ICRC,User,Precursors,Compliance,"Training, documentation of processes, and terms and conditions for use were delivered and confirmed by implementation-users. ",High,78
Unaddressed Failures & Weaknesses-ICRC-User,ICRC,User,Precursors,Unaddressed Failures & Weaknesses,"Poor practices by users may have led to vulnerabilities, primarily to the beneficiaries they serve",Somewhat Risky,79
Capacity-ICRC-Software Producer,ICRC,Software Producer,Precursors,Capacity,ICRC had thorough documentation of the software and guidance to protect end-users. It was led by a team with expertise and engineered using leading software from Microsoft,High,80
Business Change-ICRC-Software Producer,ICRC,Software Producer,Precursors,Business Change,"No major business changes were precursors. The software launched in 2012 and grew in its use, but had limited change due to limited resources for development.",Somewhat Low,81
Compliance-ICRC-Software Producer,ICRC,Software Producer,Precursors,Compliance,ICRC created its own rigorous process for adhering to principles that protect their users. They also tailored deployment for users based on national requirements.,Strict,82
Unaddressed Failures & Weaknesses-ICRC-Software Producer,ICRC,Software Producer,Precursors,Unaddressed Failures & Weaknesses,"A new vulnerability was identified and a patch released, but ICRC failed to update for a month before it was exploited. ",Somewhat Risky,83
Regimes-ICRC-Regulator,ICRC,Regulator,Precursors,Regimes,The ICRC created a strict regime to govern their own data privacy. Countries where ICRC deployed may also have been under unique scrutiny. ,Somewhat Strict,84
Capacity-ICRC-Regulator,ICRC,Regulator,Precursors,Capacity,"There is little capacity by external regulators to influence ICRC's software. However, third-party cybersecurity partners were active in supporting best practices, including sending alerts about a critical vulnerability that affected ICRC software. Capacity by nations varied.",Neither Weak Nor Strong,85
Posturing-ICRC-User,ICRC,User,RRR,Posturing,"The Movement made statements condemning the attackers, but did not outright name them.",Passive,86
Compensating-ICRC-User,ICRC,User,RRR,Compensating,None identified,Passive,87
Correcting-ICRC-User,ICRC,User,RRR,Correcting,"Staff users made efforts to keep maintain capacity while the software was unavailable, such as reverting to previous processes like paper records or spreadsheets",Somewhat Active,88
Complying-ICRC-User,ICRC,User,RRR,Complying,Users did not make any clear compliance efforts.,Passive,89
Posturing-ICRC-Software Producer,ICRC,Software Producer,RRR,Posturing,"ICRC quickly and publicly addressed the breach, connecting with colleagues across cyber and aid industries.",Active,90
Compensating-ICRC-Software Producer,ICRC,Software Producer,RRR,Compensating,"None identified, but their interest is in protecting beneficiaries, so lack of compensation is still not ideal",Somewhat Favorable,91
Correcting-ICRC-Software Producer,ICRC,Software Producer,RRR,Correcting,Major efforts kept services running during the software outage. New safeguards were put in place by the Movement and called for its organizations to make changes.,Active,92
Complying-ICRC-Software Producer,ICRC,Software Producer,RRR,Complying,ICRC adhered to its regulations and best practices in this phase.,High,93
Posturing-ICRC-Regulator,ICRC,Regulator,RRR,Posturing,"No regulatory bodies made any public statements. But the ICRC did have an open, but private symposium where attendees could discuss their issues, but details were not released publicly.",Somewhat Passive,94
Compensating-ICRC-Regulator,ICRC,Regulator,RRR,Compensating,None identified,Passive,95
Correcting/Enforcing-ICRC-Regulator,ICRC,Regulator,RRR,Correcting/Enforcing,The movement drafted and confirmed a new resolution for safeguarding their data.,Somewhat Active,96
Complying-ICRC-Regulator,ICRC,Regulator,RRR,Complying,"The Movement as internal regulators, adhered to their principles in creating new safeguards to prevent a similar event from happening in the future. There does not seem to be any governmental regulatory action.",Neither Passive Nor Active,97
Costs-ICRC-User,ICRC,User,Outcomes,Costs,Risk of future harm for compromised users. More difficulty in using services from ICRC.,Neither Unfavorable Nor Favorable,98
Transformations-ICRC-User,ICRC,User,Outcomes,Transformations,"None for end-users, but field workers may have adapted additional security practices.",Weak,99
Remedies-ICRC-User,ICRC,User,Outcomes,Remedies,No compensation. Field workers may have implemented new practices.,Unfavorable,100
Preservation-ICRC-User,ICRC,User,Outcomes,Preservation,Users will still continue to use the RFL software for their needs in these unique situations.,Strong,101
Costs-ICRC-Software Producer,ICRC,Software Producer,Outcomes,Costs,"Remediation costs, creating a new cyber delegation. Also started hosting a symposium on data security.",Neither Unfavorable Nor Favorable,102
Transformations-ICRC-Software Producer,ICRC,Software Producer,Outcomes,Transformations,"New safeguards were put in place, and likely software updates. A new cyber delegation was created in Luxembourg.",Somewhat Strong,103
Preservation-ICRC-Software Producer,ICRC,Software Producer,Outcomes,Preservation,"ICRC continues to provide these services to meet its mission, and made public efforts to maintain trust.",High,104
Remedies-ICRC-Software Producer,ICRC,Software Producer,Outcomes,Remedies,ICRC did not receive any remedies as a result of the breach.,Neither Unfavorable Nor Favorable,317
Costs-ICRC-Regulator,ICRC,Regulator,Outcomes,Costs,"No new laws or regulations, but Movement did facilitate a process to develop and implement new safeguards.",Neither Low Nor High,105
Remedies-ICRC-Regulator,ICRC,Regulator,Outcomes,Remedies,New safeguard processes put in place. ,Neither Weak Nor Strong,106
Transformations-ICRC-Regulator,ICRC,Regulator,Outcomes,Transformations,"A new cybersecurity delegation was created outside of ICRC's home, Switzerland. New guidance was developed.",Somewhat Low,107
Preservation-ICRC-Regulator,ICRC,Regulator,Outcomes,Preservation,"The existing internal regulations were maintained, and new ones were added",Somewhat High,108
Regulatory Environment-Equifax-User,Equifax,User,Context,Regulatory Environment,"Regime protects consumers through a variety of frameworks, including financial, general consumer, and data privacy.",Strong,109
Threat Environment-Equifax-User,Equifax,User,Context,Threat Environment,"There is an extensive and pervasive threat environment. Massive amounts of valuable data are stored in a single place, with potential harm directly to users. The data is constantly threatened by nefarious actors using all possible means.",Risky,110
Operational Environment-Equifax-User,Equifax,User,Context,Operational Environment,"Power distance is high, end-users are almost entirely passive. They do not have permission to opt-out of data collection by Equifax or its customers, except in extremely limited situations.

Customers are business-users, heterogenous across nearly all industries, and send consumer data  to Equifax so they can receive additional consumer data.",Somewhat Challenging,111
Regulatory Environment-Equifax-Software Producer,Equifax,Software Producer,Context,Regulatory Environment,"Producer operates in a highly regulated environment, but regime applications are murky. Faces complex legal challenges because it is largely their clients that are responsible for regulatory compliance. ",Strict,112
Threat Environment-Equifax-Software Producer,Equifax,Software Producer,Context,Threat Environment,"Producer should be familiar with education-related threats and vulnerabilities

Variable threat surface could depend on cloud vs. on-prem implementation structure",Risky,113
Operational Environment-Equifax-Software Producer,Equifax,Software Producer,Context,Operational Environment,"Broad and diverse user-base, resulting in disparate requirements for cybersecurity (e.g. by district, school, state gov, etc)",Simple,114
Regulatory Environment-Equifax-Regulator,Equifax,Regulator,Context,Regulatory Environment,"The emergent regime is robust, and arises from multiple agencies with many mandates and enforcement methods available to them, from case and statutory law. They offer strong protections for consumers and regularly pursue regulatory action against Equifax AND its industry at large. However, they stop short of limiting business growth.",Strict,115
Threat Environment-Equifax-Regulator,Equifax,Regulator,Context,Threat Environment,"The various agencies are familiar with the vulnerabilities and the potential harm to consumers, as well as best practices that Equifax should be following.",Familiar,116
Operational Environment-Equifax-Regulator,Equifax,Regulator,Context,Operational Environment,"Many enfocement methods are regularly employed, and can balance business interests with consumer protections. The political climate of the last 50+ years has frequently favored protecting consumer interests in the financial space. True for various regimes (US, CAN, UK).",Strong,117
Deploying-Equifax-User,Equifax,User,Operating,Deploying,"Business customers deploy Equifax software to inform their business decisions, while also returning consumer data to Equifax.

Consumer-users are the crux of the system, it is their data that is aggregated by Equifax for its customers to make business decisions. Consumers are laregly passive, cannot opt-out of the collection, and infrequently interact with the software, although it can have major impacts on their lives. Consumer-users' main interaction with the data is in major financial situations like buying a home, a car, or opening a bank account, when their credit score plays a role.",Somewhat Passive,118
Securing-Equifax-User,Equifax,User,Operating,Securing,"Business customers of Equifax may be able to submit their collected data securely, but the data they obtain about consumers must be secured in their own situation. Improperly secured reports present a risk to consumers, but the liability is on the customer.

Consumer-users must also be diligent to defend themselves against harms and prevent threats such as identity theft. Data security hygiene such as monitoring their credit scores, checking for suspicious behavior, keeping secure passwords, etc. is necessary to ensure that the data collected by Equifax has not ended up in the wrong hands.",Somewhat Passive,119
Influencing-Equifax-User,Equifax,User,Operating,Influencing,"User-advocacy groups attempt to influence regulators and software producers to improve protections, such as through litigation and corporate reform. They also try to influence users through education and training.",Neither Passive Nor Active,120
Complying-Equifax-User,Equifax,User,Operating,Complying,"Business customers that use Equifax's software are required to secure the data that they have access to because it is typically protected PII. There are compliance requirements for practices like disposal of data, training, and technical support.",Somewhat Active,121
Implementing-Equifax-Software Producer,Equifax,Software Producer,Operating,Implementing,"Equifax was in a sustained period of growth since the 1970s and the advent of modern computing. They introduced new lines of business by collecting, analyzing, and distributing vast amounts of consumer data to address the needs of their customers.

This also included growth in their software development practices.",Somewhat Active,122
Securing-Equifax-Software Producer,Equifax,Software Producer,Operating,Securing,"The data that they collected is extremely valuable to threat actors, whether for crime, hacktivism, espionage, or war. This meant leading cybersecurity practices had to be in place. However, the specific software that would get breached did not follow all best practices.",Somewhat Active,123
Influencing-Equifax-Software Producer,Equifax,Software Producer,Operating,Influencing,They did attempt to influence limited regulation to ease the costs of implementing security.,Active,124
Complying-Equifax-Software Producer,Equifax,Software Producer,Operating,Complying,"The financial industry and the credit reporting industry has some self-regulatory bodies to protect their businesses by protecting consumers.

The government also created strict regulations to protect consumer interests, including data collected by Equifax and its competitors.

As quickly as Equifax began to use computing for business in the 1970s, they also had to implement and maintain software solutions to comply with regulations, in particular, a dispute resolution platform to respond to consumer complaints.",Active,125
Rulemaking-Equifax-Regulator,Equifax,Regulator,Operating,Rulemaking,"Strict rules regulating the credit reporting industry rose as quickly as the industry itself did, stemming from case and statutory law, with the input of politicians, consumers, advocacy groups, industry groups, lawyers, and judges. Rules continued to evolve, adapting to societal changes, with updates in likely every decade since 1970.",Active,126
Enforcement-Equifax-Regulator,Equifax,Regulator,Operating,Enforcement,"Enforcement practices were commensurate with rulemaking, agencies (especially the FTC) and courts took action against Equifax and other credit agencies for violations frequently.",Active,127
Investigation-Equifax-Regulator,Equifax,Regulator,Operating,Investigation,"Investigation is used both before enforcement action and after and CRAs like Equifax are under constant scrutiny by elected officials ,agency bureaucrats, and advocacy organizations.",Active,128
Influencing-Equifax-Regulator,Equifax,Regulator,Operating,Influencing,"The actions of the various regulators stand out as strong influence to encourage Equifax to adhere to rules, signaling their intentions, and shaping the regime. Successful enforcement actions promote the interests of the agency by showing their abilities, and bringing in revenue in the form of fines. ",Active,129
Capacity-Equifax-User,Equifax,User,Precursors,Capacity,"End-users had nearly zero capacity, their data was collected and used.

Customer-users were heterogenous in their capacity to implement the software, across a spectrum of scenarios",Low,130
Business Change-Equifax-User,Equifax,User,Precursors,Business Change,"Years of increasing data collection about end-users, customer-users implemention, and new lines of business",Somewhat High,131
Compliance-Equifax-User,Equifax,User,Precursors,Compliance,"End-users are familiar with the value of their credit data, and regularly attempt to follow the rules when they may be harmed.",High,132
Unaddressed Failures & Weaknesses-Equifax-User,Equifax,User,Precursors,Unaddressed Failures & Weaknesses,Behaviors by users were not precursors to the incident,No Data Available,133
Capacity-Equifax-Software Producer,Equifax,Software Producer,Precursors,Capacity,"Equifax is a large company, but had few resources dedicated to the software that was breached, including its security. It was partly an old system relying on dwindling staff that had experience with it.",Neither Low Nor High,134
Business Change-Equifax-Software Producer,Equifax,Software Producer,Precursors,Business Change,"The initial change was a feature created in the 70s, which was exposed to the internet much later, resulting in a complex application that was difficult to maintain",Somewhat High,135
Compliance-Equifax-Software Producer,Equifax,Software Producer,Precursors,Compliance,"Equifax complied with laws in creating the software initially, but did not continue later as the software evolved.",Neither Lenient Nor Strict,136
Unaddressed Failures & Weaknesses-Equifax-Software Producer,Equifax,Software Producer,Precursors,Unaddressed Failures & Weaknesses,"Equifax failed to patch their software for 2 months, leading to the breach. There were further security failures that exacerbated the impact of the incident.",Risky,137
Regimes-Equifax-Regulator,Equifax,Regulator,Precursors,Regimes,The ICRC created a strict regime to govern their own data privacy. Countries where ICRC deployed may also have been under unique scrutiny. ,Strict,138
Capacity-Equifax-Regulator,Equifax,Regulator,Precursors,Capacity,"There is little capacity by external regulators to influence ICRC's software. However, third-party cybersecurity partners were active in supporting best practices, including sending alerts about a critical vulnerability that affected ICRC software. Capacity by nations varied.",Strong,139
Posturing-Equifax-User,Equifax,User,RRR,Posturing,Users and advocacy groups made numerous public statements and began working together. ,Active,140
Compensating-Equifax-User,Equifax,User,RRR,Compensating,Users and advocacy groups filed lawsuits to seek compensation. Eventually they won.,Active,141
Correcting-Equifax-User,Equifax,User,RRR,Correcting,Users could use privacy tools (including some from Equifax) to correct effects of the breach. But they are not able to opt-out of the software entirely. Business customers sought to change agreements to prevent future issues.,Passive,142
Complying-Equifax-User,Equifax,User,RRR,Complying,Business customers investigated the failures and amended agreements.,Somewhat Passive,143
Posturing-Equifax-Software Producer,Equifax,Software Producer,RRR,Posturing,Created campaign to support users; made public statements; gave testimony to congress; made compensation promises,Active,144
Compensating-Equifax-Software Producer,Equifax,Software Producer,RRR,Compensating,Provided free services and eventually paid fines and compensation to affected users.,Unfavorable,145
Correcting-Equifax-Software Producer,Equifax,Software Producer,RRR,Correcting,"Restored software, changed business processes (including firing staff), dedicated resources to making fixes. Worked with Mandiant to remediate.",Active,146
Complying-Equifax-Software Producer,Equifax,Software Producer,RRR,Complying,"Testified in Congress, followed consent orders; reported to Congress on results (via Mandiant).",High,147
Posturing-Equifax-Regulator,Equifax,Regulator,RRR,Posturing,Strong public statements and non-binding actions were made quickly from across regulatory bodies. Agencies worked with each other and outside partners to interpret issues and address them.,Active,148
Compensating-Equifax-Regulator,Equifax,Regulator,RRR,Compensating,Multiple agencies pursued action and courts upheld their claims. Equifax was forced to pay monetary compensation in many venues.,Active,149
Correcting/Enforcing-Equifax-Regulator,Equifax,Regulator,RRR,Correcting/Enforcing,Many enforcement actions taken by many bodies. Equifax was investigated and punished in various ways. ,Active,150
Complying-Equifax-Regulator,Equifax,Regulator,RRR,Complying,"Various agencies adhered to their mandates in taking actions: pursuing compensation, conducting investigations, making legal decisions.",Active,151
Costs-Equifax-User,Equifax,User,Outcomes,Costs,Users were at risk of future harms from the breach; they also had to take action to protect their privacy. Lawyers that (successfully) represented the users in courtwere paid for their efforts close to $80m.,Somewhat Unfavorable,152
Transformations-Equifax-User,Equifax,User,Outcomes,Transformations,Business customers may have changed their processes in dealing with Equifax and similar vendors.,Weak,153
Remedies-Equifax-User,Equifax,User,Outcomes,Remedies,"Users received compensation from the court settlment, typically up to $125, with protection for up to $20k. They also received free privacy monitoring services.",Favorable,154
Preservation-Equifax-User,Equifax,User,Outcomes,Preservation,Business customers seem to have continued business with Equifax. End-users still have no ability to opt-out.,Strong,155
Costs-Equifax-Software Producer,Equifax,Software Producer,Outcomes,Costs,"Estimated costs range from $660m to $868m including fines, ad hoc activities, monitoring services. Compensation to US users totaled over $380m.",Unfavorable,156
Transformations-Equifax-Software Producer,Equifax,Software Producer,Outcomes,Transformations,"Executive and senior leadership were fired, and new business processes were likely put in place.",Strong,157
Preservation-Equifax-Software Producer,Equifax,Software Producer,Outcomes,Preservation,"Equifax is still in business, and many business customers continued their relationship.",Somewhat High,158
Remedies-Equifax-Software Producer,Equifax,Software Producer,Outcomes,Remedies,"Equifax did not receive any known remedies for suffering the breach, they may have received an insurance payout.",Neither Unfavorable Nor Favorable,316
Costs-Equifax-Regulator,Equifax,Regulator,Outcomes,Costs,Massive resources were put into regulatory actions from multiple agencies.,High,159
Remedies-Equifax-Regulator,Equifax,Regulator,Outcomes,Remedies,"Enforcement actions including investigation, fines, mandated compensation, ongoing monitoring, and engaging with networks to achieve these goals.",Strong,160
Transformations-Equifax-Regulator,Equifax,Regulator,Outcomes,Transformations,"No major transformations occurred, they mainly followed existing regime.",Low,161
Preservation-Equifax-Regulator,Equifax,Regulator,Outcomes,Preservation,"Regulators preserved their mandate, showing that it is effective and can respond to issues governed by the regime.",High,162
Regulatory Environment-CatalanGate-User,CatalanGate,User,Context,Regulatory Environment,"Users had GDPR protections, but regime was limited regarding legal use of spyware. User advocacy groups were strong.",Neither Weak Nor Strong,163
Threat Environment-CatalanGate-User,CatalanGate,User,Context,Threat Environment,"Users used a ubiquitous, free, consumer app. They were high value targets for a very specific attacker, and there was no real way to protect against this particular threat.",Risky,164
Operational Environment-CatalanGate-User,CatalanGate,User,Context,Operational Environment,"High power distance, and the software was in widespread use. Users could not add any security to this software, other than good hygiene practices.",Challenging,165
Regulatory Environment-CatalanGate-Software Producer,CatalanGate,Software Producer,Context,Regulatory Environment,WhatsApp is highly regulated through GDPR and had strong cybersecurity practices. ,Strict,166
Threat Environment-CatalanGate-Software Producer,CatalanGate,Software Producer,Context,Threat Environment,"WhatsApp was familiar with a wide variety of threats and regularly released security updates. But given their massive user base, they were probably constantly under threat.",Risky,167
Operational Environment-CatalanGate-Software Producer,CatalanGate,Software Producer,Context,Operational Environment,Massive user base and widespread adoption on a variety of devices.,Neither Challenging Nor Simple,168
Regulatory Environment-CatalanGate-Regulator,CatalanGate,Regulator,Context,Regulatory Environment,EU Regulators were mainly focused on data privacy for consumer technology. But there was limited attention to spyware threats. Spanish regulators did have processes in place to ensure spyware was used legally.,Somewhat Strict,169
Threat Environment-CatalanGate-Regulator,CatalanGate,Regulator,Context,Threat Environment,"Regulators were familiar with cyber threats to privacy, mostly on data sharing and processing, and to some degree, hacking. EU regulators did not address spyware use actively, and Spanish regulators had regulations governing its use.",Neither Unfamiliar Nor Familiar,170
Operational Environment-CatalanGate-Regulator,CatalanGate,Regulator,Context,Operational Environment,"EU protections were available to pursue companies that violate GDPR, but had fewer options to pursue remedies for spyware harms. They also have an interest in protecting their ability to use spyware for state interests. Spain had resources to ensure regulations for the use of spyware were complied with.",Somewhat Strong,171
Deploying-CatalanGate-User,CatalanGate,User,Operating,Deploying,"Consumer users were active on WhatsApp and relied on it for personal and likely business use. Even among the targeted users, there would be vaious use cases, and not all of them were connected directly with each other.",Active,172
Securing-CatalanGate-User,CatalanGate,User,Operating,Securing,"Users would have a mix of hygiene practices given the widespread use. However, even those practices could not protect them from zero-click vulnerabilities.",Passive,173
Influencing-CatalanGate-User,CatalanGate,User,Operating,Influencing,"User advocacy groups were active in protecting user data security and privacy, including with spyware. In Europe these groups do have sway, but their spyware efforts were limited compared to consumer privacy.",Somewhat Active,174
Complying-CatalanGate-User,CatalanGate,User,Operating,Complying,"There was really no adherence capability for WhatsApp users. However, user advocacy groups were active in helping users follow best practices and documenting issues for at-risk groups like journalists and activists.",Neither Passive Nor Active,175
Implementing-CatalanGate-Software Producer,CatalanGate,Software Producer,Operating,Implementing,"WhatsApp was a large and growing company, with an expanding user base. They rolled out new features regularly. ",Active,176
Securing-CatalanGate-Software Producer,CatalanGate,Software Producer,Operating,Securing,WhatsApp and Meta had experienced security teams that regularly released patches and secured against threats.,Active,177
Influencing-CatalanGate-Software Producer,CatalanGate,Software Producer,Operating,Influencing,"Meta has a large influence operation, but it was limited in its ability to impact regulations in Europe, although it tried aggressively.",Active,178
Complying-CatalanGate-Software Producer,CatalanGate,Software Producer,Operating,Complying,"Given its size, Meta was the focus of a lot of regulatory attention, which forced them to comply strictly with regulations.",Active,179
Rulemaking-CatalanGate-Regulator,CatalanGate,Regulator,Operating,Rulemaking,"The EU was very active in creating cybersecurity regulations, particularly for data security and privacy. The rules regarding the legal use of spyware were largely relegated to states, and Spain had a clear regime in place.",Active,180
Enforcement-CatalanGate-Regulator,CatalanGate,Regulator,Operating,Enforcement,"The EU was very active in enforcing their GDPR policies, but was less active with regard to spyware.",Somewhat Active,181
Investigation-CatalanGate-Regulator,CatalanGate,Regulator,Operating,Investigation,"EU investigative actions were quite thorough when it came to data privacy and security issues, especially with regard to Meta.",Active,182
Influencing-CatalanGate-Regulator,CatalanGate,Regulator,Operating,Influencing,"Regulators had strong influence in establishing their authority and protecting their interests, as well as shaping the regime.",Active,183
Capacity-CatalanGate-User,CatalanGate,User,Precursors,Capacity,"Users, as a whole, would have little or no capacity for cybersecurity while using WhatsApp. However, they did have some capacity for activism.",Neither Low Nor High,184
Business Change-CatalanGate-User,CatalanGate,User,Precursors,Business Change,"The growing use of WhatsApp, in Spain and in Europe, and its regular release of new features made it useful for changing needs of its users.",Somewhat High,185
Compliance-CatalanGate-User,CatalanGate,User,Precursors,Compliance,There were no adherence or compliance outputs for WhatsApp users. But advocacy groups were documenting the use of spyware to inform future regulatory action.,Somewhat High,186
Unaddressed Failures & Weaknesses-CatalanGate-User,CatalanGate,User,Precursors,Unaddressed Failures & Weaknesses,Poor practices by users were not the cause of the vulnerabilities,No Data Available,187
Capacity-CatalanGate-Software Producer,CatalanGate,Software Producer,Precursors,Capacity,WhatsApp's capacity was very large and had dedicated resources to protecting its software.,High,188
Business Change-CatalanGate-Software Producer,CatalanGate,Software Producer,Precursors,Business Change,"The software was changing a lot, with new features released regularly, especially after its acquisition. It had a massively expanding user base. ",High,189
Compliance-CatalanGate-Software Producer,CatalanGate,Software Producer,Precursors,Compliance,"Meta and WhatsApp were required to comply with strict regulations, and did so.",Strict,190
Unaddressed Failures & Weaknesses-CatalanGate-Software Producer,CatalanGate,Software Producer,Precursors,Unaddressed Failures & Weaknesses,"Changes to software, a massive user base, provided a large threat surface and intricate unaddressed failures, in spite of their efforts.",Somewhat Stable,191
Regimes-CatalanGate-Regulator,CatalanGate,Regulator,Precursors,Regimes,"The EU and Spain had strict regimes that were well defined for data privacy, but limited for spyware. Spain's regime was strict compared to some other countries using spyware.",Somewhat Strict,192
Capacity-CatalanGate-Regulator,CatalanGate,Regulator,Precursors,Capacity,"The EU and Spain had capacity to address data privacy and security concerns for consumer companies like WhatsApp, and had demonstrated their abilities regularly.",Strong,193
Posturing-CatalanGate-User,CatalanGate,User,RRR,Posturing,"Users and user advocacy groups were widely outspoken, and it was their collaborative work that broke the scandal.",Active,194
Compensating-CatalanGate-User,CatalanGate,User,RRR,Compensating,"Affected users have sought compensation through courts a few times, but no major cases have arisen.",Somewhat Active,195
Correcting-CatalanGate-User,CatalanGate,User,RRR,Correcting,"Users have attempted to change the laws and fight against the threat of future harms from spyware attacks. They have also worked with other stakeholders, esp. WhatsApp, to improve security broadly.",Active,196
Complying-CatalanGate-User,CatalanGate,User,RRR,Complying,Affected users worked with civil society to use the regime to help their situation.,Neither Passive Nor Active,197
Posturing-CatalanGate-Software Producer,CatalanGate,Software Producer,RRR,Posturing,Meta was outspoken about the incident and eventually railed publicly against the creators of the exploit. They called for better regulations to protect their software from attacks.,Active,198
Compensating-CatalanGate-Software Producer,CatalanGate,Software Producer,RRR,Compensating,Meta did not make any effort to compensate the affected users. But they did try to get compensation for their losses,Neither Passive Nor Active,199
Correcting-CatalanGate-Software Producer,CatalanGate,Software Producer,RRR,Correcting,It is likely that Meta enhanced their security practices based on the increasing threat of spyware. They also received support from human rights orgs in their case against NSO Group.,Active,200
Complying-CatalanGate-Software Producer,CatalanGate,Software Producer,RRR,Complying,"Because they wanted to fight the future threat of spyware, they worked with regulators to make change.",High,201
Posturing-CatalanGate-Regulator,CatalanGate,Regulator,RRR,Posturing,"EU regulators were outspoken and active about the incident, and worked closely with civil society.",Active,202
Compensating-CatalanGate-Regulator,CatalanGate,Regulator,RRR,Compensating,"No compensation to users has occurred, but WhatsApp did receive compensation for the attack.",Neither Passive Nor Active,203
Correcting/Enforcing-CatalanGate-Regulator,CatalanGate,Regulator,RRR,Correcting/Enforcing,"A large enforcement and investigation campaign came after the breach, including the PEGA Committee and subsequent related legislation. But the legislation did not directly target the use of spyware. Spanish regulators also conducted investigations (enforcement) but made no changes to the law.",Active,204
Complying-CatalanGate-Regulator,CatalanGate,Regulator,RRR,Complying,"EU regulators were diligent in adhering to their mandate, resulting in a thorough investigation. Spanish regulators also adhered to their mandate, investigating and eventually bringing to light important details about the case (although they ultimately found themselves in compliance).",Active,205
Costs-CatalanGate-User,CatalanGate,User,Outcomes,Costs,"Users suffered data privacy breaches, may have had problems with court cases, were arrested, and probably had emotional struggles with their privacy being invaded.",Unfavorable,206
Transformations-CatalanGate-User,CatalanGate,User,Outcomes,Transformations,"New and deeper relationships formed with advocacy networks, resulting in new regulations",Somewhat Strong,207
Remedies-CatalanGate-User,CatalanGate,User,Outcomes,Remedies,Users were not compensated for the breach. Some new preventative measures were put in place for journalists and for better security internationally. Nothing changed in Spain.,Neither Unfavorable Nor Favorable,208
Preservation-CatalanGate-User,CatalanGate,User,Outcomes,Preservation,"WhatsApp use continues to be widespread, but it is possible that some users changed platforms.",Strong,209
Costs-CatalanGate-Software Producer,CatalanGate,Software Producer,Outcomes,Costs,"WhatsApp was not forced to pay fines or damages. The security remediation seems to have been within the scope of their typical work. They may have suffered some reputational damage, but were also quite active in protecting their interests publicly and in court.",Neither Unfavorable Nor Favorable,210
Transformations-CatalanGate-Software Producer,CatalanGate,Software Producer,Outcomes,Transformations,New precedent was set by their court case against NSO Group.,Strong,211
Preservation-CatalanGate-Software Producer,CatalanGate,Software Producer,Outcomes,Preservation,WhatsApp continued to grow and is still widely used. Security features continued to be enhanced.,High,212
Remedies-CatalanGate-Software Producer,CatalanGate,Software Producer,Outcomes,Remedies,New precedent was set by their court case against NSO Group.,High,315
Costs-CatalanGate-Regulator,CatalanGate,Regulator,Outcomes,Costs,"Regulators were aggressive in investigating and other enforcement activities, likely with large expenditures of resources.",High,213
Remedies-CatalanGate-Regulator,CatalanGate,Regulator,Outcomes,Remedies,"New legislation was passed to help combat future spyware threats. They worked with civil society to help establish new regulations, and challenged other regulators that may not have been compliant.",Strong,214
Transformations-CatalanGate-Regulator,CatalanGate,Regulator,Outcomes,Transformations,"International new cases, legislation, training, certifications, precedent, and statements resulted. Spain changed little.",Somewhat High,215
Preservation-CatalanGate-Regulator,CatalanGate,Regulator,Outcomes,Preservation,"The existing system was largely maintained, but new best practices, and case law. Later, new regimes were created outside of EU and Spanish authority.",Somewhat High,216
Regulatory Environment-OPM-User,OPM,User,Context,Regulatory Environment,Government employees are protected by strong regimes for their work. They are a massive workforce with many advocates. The sensitive PII being collected was protected under many regimes.,Strong,217
Threat Environment-OPM-User,OPM,User,Context,Threat Environment,"As employees, data stored about them would have been a valuable target. As government employees, it was especially valuable, particularly for those with security clearances, and the background investigation data stored about them.",Risky,262
Operational Environment-OPM-User,OPM,User,Context,Operational Environment,"There were many needs that the OPM served as the HR agency for the government, meaning that the client users of OPM had heterogeneous practices, and many complex software needs.",Challenging,263
Regulatory Environment-OPM-Software Producer,OPM,Software Producer,Context,Regulatory Environment,"The regime governing the OPM was strict, including CIO oversight and IG involvement. However, they were not strictly adherent, and reports indicate they were defying best practices and ignoring changes that needed to be made.",Strict,264
Threat Environment-OPM-Software Producer,OPM,Software Producer,Context,Threat Environment,OPM was in a risky environment given the sensitivity of the data they controlled. The growing threat of APTs also increased the riskiness. Their cybersecurity leadership seemed to be unfamiliar with the level of risk associated with their data.,Risky,265
Operational Environment-OPM-Software Producer,OPM,Software Producer,Context,Operational Environment,A major shift in their data and software to include the PSI systems added immense complexity to their systems. They were required to meet demanding user/client requirements to implement the system.,Challenging,266
Regulatory Environment-OPM-Regulator,OPM,Regulator,Context,Regulatory Environment,"For years, government had established cybersecurity guidance and rules for government agencies. Requiring CIOs and IGs within agencies also supported a strict regime. However, this oversight did not translate directly into enforcement abilities.",Somewhat Strict,267
Threat Environment-OPM-Regulator,OPM,Regulator,Context,Threat Environment,"Agencies responsible for government IT and cybersecurity were familiar with threats, particularly the growing threat from APTs.",Familiar,268
Operational Environment-OPM-Regulator,OPM,Regulator,Context,Operational Environment,Multiple agencies had clear methods of enforcement and resources to back their efforts. The climate was also conducive to ongoing regulatory activities.,Strong,269
Deploying-OPM-User,OPM,User,Operating,Deploying,"Clients of OPM were active in using the software provided to them to manage personnel, as well as the heavy demand for the PSI process and software.",Active,270
Securing-OPM-User,OPM,User,Operating,Securing,"Users of OPM software, including end-users and the ""clients"" would likely have been very active in securing their data given its level of importance. Additionally, they were also probably required to follow strict rules when collecting and processing the data. ",Active,271
Influencing-OPM-User,OPM,User,Operating,Influencing,"Users were somewhat passive in influencing security operations, although they did have representation e.g. from unions.",Somewhat Passive,272
Complying-OPM-User,OPM,User,Operating,Complying,"Using OPM as the HR service for government agencies, includin the PSI system meant agencies would have to comply with strict regulations to safeguard their data. The use of OPM in the PSI process was generally part of compliance efforts to improve operations and security.",Active,273
Implementing-OPM-Software Producer,OPM,Software Producer,Operating,Implementing,"OPM was highly active, particulalry after taking over the PSI operations starting in 2004.",Active,274
Securing-OPM-Software Producer,OPM,Software Producer,Operating,Securing,"OPM had released a strategy cybersecurity plan but was identified as being one of the weakest implementers of cybersecurity practices among federal agencies. Their efforts fell below the minimum requirements, without which they may have done nothing to secure their systems.",Somewhat Passive,275
Influencing-OPM-Software Producer,OPM,Software Producer,Operating,Influencing,OPM was not involved in influencing cybersecurity regulations.,Passive,276
Complying-OPM-Software Producer,OPM,Software Producer,Operating,Complying,"OPM was not in compliance with federal regulations or their internal processes. They almost entirely failed to secure their systems as required, and even mislead regulators about the status of their operations. They even attempted to hide behind regulations as a result of some failures, but did not consistently apply their efforts (FedRAMP).",Passive,277
Rulemaking-OPM-Regulator,OPM,Regulator,Operating,Rulemaking,Regulators were actively developing and implementing regulations to improve the security of federal agencies and mitigate ongoing risks.,Active,278
Enforcement-OPM-Regulator,OPM,Regulator,Operating,Enforcement,"Regulators were active in enforcing regulations, including mandated reporting by agencies on their cybersecurity practices. However, they may have lacked some enforcement abilities which could have improved practices by agencies like OPM.",Somewhat Active,279
Investigation-OPM-Regulator,OPM,Regulator,Operating,Investigation,"Investigations, such as audits, were near constant, including through the IG, as well as in regular testimony to Congress, and with the support of other agencies like the GAO.",Active,280
Influencing-OPM-Regulator,OPM,Regulator,Operating,Influencing,"Regulators were incredibly active in advancing cybersecurity through influence efforts, including cooperation between different branches and agencies.",Active,281
Capacity-OPM-User,OPM,User,Precursors,Capacity,"Clients made extensive use of OPM's PSI capabilities, and relied on them heavily to manage personnel, all of whom were government employees. Employees were represented by unions to help protect their privacy. But there was very little work that could be done to protect their privacy.",Neither Low Nor High,282
Business Change-OPM-User,OPM,User,Precursors,Business Change,"Business change for OPM clients included the shift to using them for PSI processes. However, OPM had been responsible for personnel operations for a long time.",High,283
Compliance-OPM-User,OPM,User,Precursors,Compliance,,,284
Unaddressed Failures & Weaknesses-OPM-User,OPM,User,Precursors,Unaddressed Failures & Weaknesses,"Poor practices by users may have led to some vulnerabilities, but it was more likely to be the software team",Neither Low Nor High,285
Capacity-OPM-Software Producer,OPM,Software Producer,Precursors,Capacity,"OPM seemed to have nearly enough capacity to meet their overall needs, but were also limited by the amount of work they needed to complete and lackluster leadership. It could also rely on the support of other agencies, which it did not do adequately.",Neither Low Nor High,286
Business Change-OPM-Software Producer,OPM,Software Producer,Precursors,Business Change,"There was high business change over the previous ten years, mainly the shift to managing the PSI process and technology.",High,287
Compliance-OPM-Software Producer,OPM,Software Producer,Precursors,Compliance,"Adherence and compliance by OPM was substandard, and they regularly broke rules, in spite of warnings.",Somewhat Lenient,288
Unaddressed Failures & Weaknesses-OPM-Software Producer,OPM,Software Producer,Precursors,Unaddressed Failures & Weaknesses,"Massive unaddressed failures and weaknesses, including ongoing failures over time led to the breaches. ",Risky,289
Regimes-OPM-Regulator,OPM,Regulator,Precursors,Regimes,"The government maintained a strict regime to try and prevent data breaches, with enormous resources and thorough efforts towards prevention and accountability.",Strict,290
Capacity-OPM-Regulator,OPM,Regulator,Precursors,Capacity,"The government had enormous capacity to address potential cybersecurity failures and to ensure compliance by their agencies. However, some enforcement capacity, which was added later through CISA, was lacking at the time of the OPM breaches.",Somewhat Strong,291
Posturing-OPM-User,OPM,User,RRR,Posturing,"Users were active in making statements about the breach, particularly with support of their advocate unions and other orgs",Active,292
Compensating-OPM-User,OPM,User,RRR,Compensating,"Users sought compensation through lawsuits, represented by their unions. Cases were initially dismissed but proceeded after an appeal.",Active,293
Correcting-OPM-User,OPM,User,RRR,Correcting,Users had little recourse in correcting either the technology or the regime.,Passive,294
Complying-OPM-User,OPM,User,RRR,Complying,No documented compliance efforts,,295
Posturing-OPM-Software Producer,OPM,Software Producer,RRR,Posturing,"OPM was active in attempting to distract from the breach to regulators, diminish the scope of the breach, and were forced to speak regularly about the issue in-depth.",Active,296
Compensating-OPM-Software Producer,OPM,Software Producer,RRR,Compensating,"OPM initially provided credit monitoring for victims, but had limited options to go further than that without mandated actions. They eventually did have to pay modest damages to affected users.",Somewhat Favorable,297
Correcting-OPM-Software Producer,OPM,Software Producer,RRR,Correcting,"Correcting actions began in earnest to addresst the cybersecurity failures and technological issues after the 2nd breach was discovered. However, more could have been done, although they had some limitations.",Neither Passive Nor Active,298
Complying-OPM-Software Producer,OPM,Software Producer,RRR,Complying,"Complying with oversight requirements, including reporting the breaches and following cybersecurity rules had some major issues.",Somewhat Low,299
Posturing-OPM-Regulator,OPM,Regulator,RRR,Posturing,"Regulators from a variety of agencies were active in discussing the issues, particularly the House Oversight chair.",Active,300
Compensating-OPM-Regulator,OPM,Regulator,RRR,Compensating,"Courts mandated some compensation to users, but there were some limitations and even concerns about the credit monitoring expenses.",Neither Passive Nor Active,301
Correcting/Enforcing-OPM-Regulator,OPM,Regulator,RRR,Correcting/Enforcing,Investigations and enforcement efforts to bring OPM into compliance were rigorous.,Active,302
Complying-OPM-Regulator,OPM,Regulator,RRR,Complying,"With so many regulations in place, many regulators were very active and followed their required practices in response to the breach.",Active,303
Costs-OPM-User,OPM,User,Outcomes,Costs,"The actual costs to users cannot be known, mainly for those who may have been harmed by espionage action. Some users did have direct harms and were compensated.",Somewhat Unfavorable,304
Transformations-OPM-User,OPM,User,Outcomes,Transformations,New processes (or better adherence to existing ones) were established following the breach to better protect users.,Strong,305
Remedies-OPM-User,OPM,User,Outcomes,Remedies,"Users got some compensation, but not as much as other similar breaches. The highest risk users may have been even more negatively affected.",Neither Unfavorable Nor Favorable,306
Preservation-OPM-User,OPM,User,Outcomes,Preservation,"User behaviors and requirements were not affected, no other options really existed. But future security measures were put in place.",Neither Weak Nor Strong,307
Costs-OPM-Software Producer,OPM,Software Producer,Outcomes,Costs,"Costs were high for OPM, including technical fixes, human resources, damage to reputation, and more. The costs of fixing were investigated.",Unfavorable,308
Transformations-OPM-Software Producer,OPM,Software Producer,Outcomes,Transformations,"OPM drastically transformed their practices, and their leadership. Further changes to cybersecurity in the US gov were also a result.",Strong,309
Preservation-OPM-Software Producer,OPM,Software Producer,Outcomes,Preservation,"Eventually, some of the services performed by OPM were changed to another agency.",Neither Low Nor High,310
Remedies-OPM-Software Producer,OPM,Software Producer,Outcomes,Remedies,Additional resources were allocated for OPM to improve cybersecurity.,Neither Unfavorable Nor Favorable,319
Costs-OPM-Regulator,OPM,Regulator,Outcomes,Costs,"Regulators invested many resources to enforce and investigate the issues, as well as to help remediate future issues.",High,311
Remedies-OPM-Regulator,OPM,Regulator,Outcomes,Remedies,"Regulators had a strong incentive to remedy the situation, mainly by improving security standards, but also in providing remedies to victims.",Strong,312
Transformations-OPM-Regulator,OPM,Regulator,Outcomes,Transformations,"Regulators enhanced their oversight and improved rules enforcing cybersecurity. Many rules were already in place, but this incident raised awareness considerably.",Somewhat High,313
Preservation-OPM-Regulator,OPM,Regulator,Outcomes,Preservation,"Regulation and enforcement were improved, and new precedence was set in dealing with these issues. But overall, the roles and rules stayed the same.",Somewhat High,314